id;description;issuedate;lastmodifieddate
1;out-of-the-box Grocery SMTP;2022-04-11T00:08:20;2022-04-10T12:51:03
2;Shoes users Industrial;2022-04-10T08:53:25;2022-04-11T03:53:53
3;Seychelles Licensed Borders;2022-04-10T13:29:54;2022-04-10T15:31:52
4;executive;2022-04-10T19:59:18;2022-04-10T15:57:17
5;Expanded;2022-04-10T14:36:59;2022-04-10T06:27:10
6;Games frictionless;2022-04-10T21:07:25;2022-04-10T07:44:38
7;Unbranded systems Toys;2022-04-11T02:52:25;2022-04-10T14:25:22
8;maroon;2022-04-10T13:50:33;2022-04-10T15:25:13
9;Plastic collaboration;2022-04-11T04:59:54;2022-04-10T09:02:23
10;Fantastic;2022-04-10T18:18:35;2022-04-11T02:31:08
